index,question,judge_overall_score,antigravity_score,score_diff,agree
1,"В каком разделе заявитель может написать менеджеру ЛК, при возникновении вопросов по работе с ЛК ?",4.8,5.0,-0.20000000000000018,1
2,В каком разделе заявитель может ознакомиться с размещенными документами по заявке ?,4.0,4.0,0.0,1
3,В каком разделе заявитель может откорректировать свои личные данные ?,4.8,5.0,-0.20000000000000018,1
4,В течении какого срока менеджер ЛК производит проверку данных заявителя после регистрации Личного кабинета.,4.8,5.0,-0.20000000000000018,1
5,Для чего требуется подтверждение личности?,4.6,4.0,0.5999999999999996,0
6,"Есть ли необходимость регистрировать Личный кабинет, если заявку на ТП подавали очно в ЦОК?",5.0,1.0,4.0,0
7,Есть ли у потребителя возможность изменить e-mail в личных данных заявителя?,5.0,5.0,0.0,1
8,"Заявитель обращается в КЦ при заполнении заявки на ТП через ЛК и уточняет как указать адрес объекта, если улица и дом еще не присвоены? Действия оператора.",5.0,5.0,0.0,1
9,"Заявитель обращается в КЦ при заполнении заявки на ТП через ЛК и уточняет куда прикрепить документы других собственников, такого поля в ЛК нет. Действия оператора.",4.8,4.0,0.7999999999999998,0
10,"Заявитель обращается в КЦ с проблемой в ЛК. Он не может подать заявку на ТП, так как выводится ошибка ""Личность не подтверждена, требуется подтвердить личность""",4.8,2.0,2.8,0
11,"Заявитель получил акты ТП, в акте некорректно указана граница балансовой принадлежности. В течении какого времени он может обратиться в СО для корректировки актов?",4.8,4.0,0.7999999999999998,0
12,Заявитель ФЛ не помнит пароль от ЛК. Личный кабинет был зарегистрирован очно в ЦОК специалистами ОРПУ. В ЛК еще ни разу не заходил. Действия оператора.,4.2,2.0,2.2,0
13,Заявитель ФЛ не помнит пароль от ЛК. Личный кабинет был зарегистрирован очно в ЦОК специалистами ОРПУ. Заявитель уже заходил в ЛК поменял пароль и указал e-mail. Действия оператора.,5.0,4.0,1.0,0
14,"Заявитель ФЛ не помнит пароль от ЛК. Личный кабинет был зарегистрирован самостоятельно, но у потребителя нет доступа к почте, которую он указывал при регистрации.",5.0,4.0,1.0,0
15,Заявитель ФЛ не помнит пароль от ЛК. Регистрацию проходил самостоятельно. Действия оператора.,5.0,2.0,3.0,0
16,"Заявитель ЮЛ не помнит логин/ пароль от ЛК. Регистрацию проходил другой сотрудник компании, который уволился. Действия оператора.",4.8,2.0,2.8,0
17,Как заявитель может аннулировать заявку на ДУ через ЛК?,5.0,1.0,4.0,0
18,Как заявитель может аннулировать заявку на ТП через ЛК?,4.8,4.0,0.7999999999999998,0
19,"Как заявитель может изменить параметры ТП (мощность, номинал напряжения) указанные в заявке ТП до заключения договора?",5.0,2.0,3.0,0
20,"Как заявитель может изменить параметры ТП (мощность, номинал напряжения) указанные заявке ТП, если договор уже заключен?",5.0,4.0,1.0,0
21,Как заявитель может расторгнуть договор ТП через ЛК?,4.6,2.0,2.5999999999999996,0
22,Как распечатать документы из Личного кабинета с сохранением ЭЦП сетевой организации?,4.6,2.0,2.5999999999999996,0
23,Какой вид заявки в ЛК выбирается в случае изменения категории надежности ранее подключенного объекта недвижимости ?,5.0,4.0,1.0,0
24,Какой вид заявки в ЛК выбирается в случае необходимости переоформления документов ТП в связи со сменой собственника. Договор ТП еще не завершен.,4.8,5.0,-0.20000000000000018,1
25,Какой вид заявки в ЛК выбирается в случае необходимости переоформления документов ТП в связи со сменой собственника. Объект подключен.,4.8,5.0,-0.20000000000000018,1
26,Какой вид заявки в ЛК выбирается в случае первичного подключения объекта недвижимости на постоянной основе?,4.8,5.0,-0.20000000000000018,1
27,"Какой вид заявки в ЛК выбирается в случае подачи заявки на платные услуги ""ТПП под ключ""?",4.8,5.0,-0.20000000000000018,1
28,Какой вид заявки в ЛК выбирается в случае подключения объекта недвижимости путем перераспределения мощности от другого подключенного объекта недвижимости ?,4.8,5.0,-0.20000000000000018,1
29,Какой вид заявки в ЛК выбирается в случае увеличения мощности ранее подключенного объекта недвижимости ?,4.8,5.0,-0.20000000000000018,1
30,Может ли заявитель приложить недостающие документы к заявке через ЛК?,4.8,4.0,0.7999999999999998,0
31,Можно ли через ЛК подать недостающие к документы к «Обращению»?,4.4,1.0,3.4000000000000004,0
32,"После регистрации в ЛК потребитель не может подать заявку. Кнопка ""Новый документ"" не активна. Действия заявителя.",4.8,5.0,-0.20000000000000018,1
33,Потребитель не может войти в ЛК по логину и паролю выданному в ЦОК. Оператору необходимо выяснить как заявитель вводит логин и пароль. Как задать правильный вопрос?,4.8,4.0,0.7999999999999998,0
34,Потребитель не может войти в ЛК. Оператору необходимо выяснить на каком сайте заявитель пробует авторизоваться. Как задать правильный вопрос?,4.8,2.0,2.8,0
35,"При входе в ЛК с логин/паролем выданным в ЦОК выходит ошибка ""Не правильный логин или пароль"". Действия оператора.",5.0,2.0,3.0,0
36,"При регистрации Личного кабинета выходит сообщение ""Данный ИНН уже зарегистрирован"", что это означает?",4.8,5.0,-0.20000000000000018,1
37,Режим работы Личного кабинета,4.0,1.0,3.0,0
38,Требуется ли заполнение бумажного бланка заявки при подачи заявки на ТП через Личный кабинет?,4.8,4.0,0.7999999999999998,0
39,Через сутки после регистрации Личного кабинета выходит сообщение «Данные заполнены некорректно. Исправьте и заполните недостающие поля». Действия заявителя.,4.8,4.0,0.7999999999999998,0
40,"Что означает сообщение «Данные проходят проверку менеджером личного кабинета. До окончания проверки, возможности повторного изменения данных и создания новых заявок заблокированы»",4.8,5.0,-0.20000000000000018,1
41,В каком случае заявителю ФЛ будет отказано в заявке на ДУ?,5.0,1.0,4.0,0
42,"В КЦ обращается заявитель с вопросом «Необходимо изменить вид пакета на ДУ, счет еще не оплатил» действие оператора?",4.6,4.0,0.5999999999999996,0
43,"В КЦ обращается заявитель с вопросом «Подал заявление на Дополнительные услуги пакет «ТП под ключ», но мне прислали уведомление об изменении состава услуг» Действие оператора?",4.8,2.0,2.8,0
44,"В КЦ обращается заявитель с вопросом «При расторжении договора ДУ, будет ли возвращена заявителю вся оплаченная сумма за ДУ?",4.6,4.0,0.5999999999999996,0
45,В КЦ обращается заявитель с вопросом «Распространяется ли социальная льгота на стоимость ДУ»?,4.8,5.0,-0.20000000000000018,1
46,"В КЦ обращается заявитель с вопросом установки трубостойки на участке, просит оказать консультацию о расстоянии от трубостойки до опоры??",4.8,4.0,0.7999999999999998,0
47,"В КЦ обращается заявитель, при выполнении ДУ в рамках договора ТП, сотрудники попросили на руки деньги в размере 4000 т.р. Действия оператора?",4.0,2.0,2.0,0
48,"В КЦ обращается заявитель, срок договора ДУ просрочен на 10 дней. Действия оператора?",4.2,1.0,3.2,0
49,В КЦ обращается потребитель с вопросом по самостоятельному фактическому присоединению с просьбой проконсультировать. Действие оператора?,4.4,1.0,3.4000000000000004,0
50,"В КЦ обращается потребитель с вопросом\: ""Есть ли необходимость подписания и возврата договора на дополнительные услуги?»",5.0,1.0,4.0,0
51,"В КЦ обращается потребитель с вопросом\: ""Есть ли необходимость подписания и возврата доп. соглашения на изменение сроков подключения по договору на дополнительные услуги?»",3.8,1.0,2.8,0
52,"В случае если заявитель не явился в назначенный срок или подготовил материал, не соответствующий ТУ – какую сумму составит повторный выезд бригады?",3.0,1.0,2.0,0
53,В течении какого времени заявитель обязан оплатить счет по договору дополнительных услуг?,4.8,5.0,-0.20000000000000018,1
54,В течении какого времени инженер ОПП выезжает на объект для определения возможности оказания Дополнительных услуг?,3.0,1.0,2.0,0
55,Договор на ДУ является заключенным с момента?,2.8,2.0,0.7999999999999998,0
56,Должен ли инженер ОПП СО оказывать консультацию по инструкции на самостоятельное фактическое присоединение?,4.4,4.0,0.40000000000000036,1
57,Если у заявителя нет объекта ТП (земельный участок без построек) сможет ли он подать заявку на ДУ пакет «ТП под ключ»?,5.0,4.0,1.0,0
58,"Есть ли возможность подать заявку на ДУ в случае, если заявку подает ФЛ 20 кВт?",5.0,2.0,3.0,0
59,Есть ли возможность подать заявку на ДУ после завершения основного договора ТП?,4.8,4.0,0.7999999999999998,0
60,Есть ли возможность расторгнуть договор на ДУ через ЛК?,4.4,5.0,-0.5999999999999996,0
61,Имеет ли право Сетевая организация отказать в оказании дополнительных услуг?,4.4,1.0,3.4000000000000004,0
62,Как выполнить подключение если СО отказала в оказании Дополнительных услуг?,5.0,2.0,3.0,0
63,Как определяется техническая возможность оказания ДУ?,4.4,2.0,2.4000000000000004,0
64,"Какие мероприятия, выполняются Сетевой организацией при фактическом подключении объектов заявителей, проходящих процедуру ТПП по упрощенной схеме взаимодействия, без договора на Дополнительные услуги?",4.4,2.0,2.4000000000000004,0
65,Каким способом осуществляется подача заявки на Дополнительные услуги?,4.6,2.0,2.5999999999999996,0
66,Каковы могут быть причины расторжения договора в одностороннем порядке по инициативе ООО «Башкирэнерго»?,4.0,2.0,2.0,0
67,"Какое обязательное условие должно быть выполнено для оказания услуги ""ТП за 30 дней ФЛ до 150 кВт""",5.0,2.0,3.0,0
68,"Какой пакет документов требуется для подачи заявки на Дополнительные услуги, в случае если заявка подается в рамках действующего договора ТП?",4.8,2.0,2.8,0
69,"Какой пакет документов требуется для подачи заявки ФЛ на Дополнительные услуги, в случае если заявка подается без договора ТП (требуется замена вводного СИП-кабеля)?",4.8,4.0,0.7999999999999998,0
70,"Какой пакет документов требуется для подачи заявки ФЛ на Дополнительные услуги, в случае если заявка подается после завершения договора ТП?",4.8,2.0,2.8,0
71,"Какой пакет ДУ подразумевает\:  - монтаж кабельной линии и соответствующей арматуры, предоставленной Заявителем, вдоль тела опоры до шкафа учета; - фактическое присоединение к электрическим сетям «Башкирэнерго».",4.6,5.0,-0.40000000000000036,1
72,"Какой пакет ДУ подразумевает\:  - монтаж ответвления от шкафа учета, установленного на опоре, до ВРУ установленного на фасаде объекта присоединения проводом СИП;  - фактическое присоединение провода СИП к электрическим сетям ООО БЭ?",4.8,5.0,-0.20000000000000018,1
73,"Какой пакет ДУ подразумевает\:  - установку на фасаде ВРУ (с автоматическими включателями и розеткой);  - монтаж ответвления от шкафа учета, установленного на опоре, до ВРУ, установленного на фасаде объекта присоединения, проводом СИП;  - фактическое присо",4.8,5.0,-0.20000000000000018,1
74,"Какой пакет ДУ подразумевает\: - монтаж провода СИП и соответствующей арматуры, предоставленной Заявителем, вдоль тела опоры до шкафа учета; - фактическое присоединение к электрическим сетям «Башкирэнерго»",4.8,5.0,-0.20000000000000018,1
75,Какой срок рассмотрения сетевой организацией заявки на ДУ?,5.0,2.0,3.0,0
76,Какой установлен срок на возврат денежных средств при расторжении договора на Дополнительные услуги?,4.2,1.0,3.2,0
77,Какую форму заявки необходимо выбрать в ЛК для подачи обращения на ДУ?,5.0,5.0,0.0,1
78,Кто может выполнить самостоятельное фактическое подключение?,5.0,4.0,1.0,0
79,Кто может подписать акты во время фактического присоединения?,4.6,4.0,0.5999999999999996,0
80,"Может ли СО изменить вид дополнительных услуг, указанных в заявке на ДУ?",4.8,2.0,2.8,0
81,Может ли собственник участка СНТ подать заявку на Дополнительные услуги?,4.6,4.0,0.5999999999999996,0
82,"На каком основании в обязанности сетевой организации не входит выполнение мероприятий по фактическому присоединению объектов заявителей, проходящих процедуру ТПП по упрощенной схеме взаимодействия?",4.8,2.0,2.8,0
83,Необходим ли выезд инженера ОПП для определения возможности оказания Дополнительных услуг?,4.8,2.0,2.8,0
84,Потребитель ФЛ до 150 кВт хочет узнать предварительную стоимость технологического присоединения его объекта. Какую услугу может предложить оператор?,4.6,2.0,2.5999999999999996,0
85,Предусмотрена ли рассрочка платежа при оплате счета на Дополнительные услуги для бюджетных организаций?,4.2,2.0,2.2,0
86,При каких обстоятельствах СО может отказать в оказании дополнительных услуг?,4.8,2.0,2.8,0
87,При каких обстоятельствах СО может отказать в оказании дополнительных услуг?,4.8,1.0,3.8,0
88,"Срок выполнения Дополнительных услуг в случае, если нет действующего договора ТП?",4.2,1.0,3.2,0
89,Срок рассмотрения заявки на ДУ?,4.4,1.0,3.4000000000000004,0
90,Сроки выполнения Дополнительных услуг в рамках действующего договора ТП?,4.6,2.0,2.5999999999999996,0
91,Стоимость выезда бригады ООО «Башкирэнерго» для допуска персонала Заказчика для выполнения работ в действующей электроустановке?,4.2,1.0,3.2,0
92,Стоимость услуги «Выезд бригады ООО «Башкирэнерго» для допуска персонала Заказчика для выполнения работ в действующей электроустановке»?,4.6,2.0,2.5999999999999996,0
93,Стоимость услуги «Пакет минимум» при подключении объекта по напряжению 220 В?,4.6,1.0,3.5999999999999996,0
94,Стоимость услуги «Пакет минимум» при подключении объекта по напряжению 380 В?,4.6,2.0,2.5999999999999996,0
95,Стоимость услуги «ТП за 30 дней ФЛ до 150 кВт»?,5.0,2.0,3.0,0
96,Стоимость услуги «ТП под ключ» при подключении объекта по напряжению 220 В?,3.8,2.0,1.7999999999999998,0
97,Стоимость услуги «ТП под ключ» при подключении объекта по напряжению 380 В?,4.8,2.0,2.8,0
98,"Стоимость услуги «Фактическое присоединение кабеля Заказчика к электрическим сетям ООО ""Башкирэнерго"" без подъема на опору» при подключении объекта по напряжению 220 В?",4.0,2.0,2.0,0
99,"Стоимость услуги «Фактическое присоединение кабеля Заказчика к электрическим сетям ООО ""Башкирэнерго"" без подъема на опору» при подключении объекта по напряжению 380 В?",4.4,2.0,2.4000000000000004,0
100,"Стоимость услуги «Фактическое присоединение ответвления Заказчика к электрическим сетям ООО ""Башкирэнерго"" с подъемом на опору» при подключении объекта по напряжению 220 В?",4.8,2.0,2.8,0
101,"Стоимость услуги «Фактическое присоединение ответвления Заказчика к электрическим сетям ООО ""Башкирэнерго"" с подъемом на опору» при подключении объекта по напряжению 380 В?",4.8,2.0,2.8,0
102,Существует ли рассрочка платежа при оплате счета на Дополнительные услуги?,4.4,1.0,3.4000000000000004,0
103,Потребитель не успевает выполнить ТУ. Возможно ли продлить срок действия ...,4.8,4.0,0.7999999999999998,0
104,Аннулирование заявки СНТ,4.8,2.0,2.8,0
105,В какие сроки СО обязана подготовить дубликаты либо восстановить/переоформить...,4.8,2.0,2.8,0
106,В какие сроки СО обязана произвести повторную проверку выполнених заявителем ...,4.2,1.0,3.2,0
107,В какие сроки СО осуществляет фактическое подключения по временного договору ТП?,4.6,2.0,2.5999999999999996,0
108,В каких случаях при подаче заявки на ТП требуется письменное согласие на ...,4.0,2.0,2.0,0
109,В каких случаях при подаче заявки на ТП требуется письменное согласие на обработку ...,3.8,2.0,1.7999999999999998,0
110,В каких случаях при подаче заявки на ТП требуется согласие на обработку ...,4.8,4.0,0.7999999999999998,0
111,"В каких случаях СО может отказать заявителю в технологическом присоединении к сетям ООО ""Башкирэнерго""?",4.6,2.0,2.5999999999999996,0
112,В каких случаях СО может отказать заявителю в технологическом присоединении к...,4.6,2.0,2.5999999999999996,0
113,В какой срок должна быть произведена оплата по услуге «Подготовка Соглашения о перераспределении мощности»\,4.0,1.0,3.0,0
114,В какой срок должны быть подготовлены документы по услуге «Подготовка Соглашения о перераспределении мощности»\,4.6,2.0,2.5999999999999996,0
115,"В какой срок сетевая организация направляет гарантирующему поставщику акты допуска ПУ и акты ТП, после фактического подключения заявителя?",4.8,2.0,2.8,0
116,В какой срок сетевая организация направляет документы о ТП гарантирующему поставщику?,3.6,1.0,2.6,0
117,В какой форме заявитель ФЛ до 15 кВт может направить протокол разногласий?,4.4,4.0,0.40000000000000036,1
118,В какой форме заявитель ФЛ до 15 кВт может направить протокол разногласий?,4.8,4.0,0.7999999999999998,0
119,В Контактный центр обращается заявитель СНТ по вопросу просроченного договора ТП. Действия оператора?,4.8,2.0,2.8,0
120,В КЦ обращается заявитель с вопросом из чего сложилась стоимость за ТПП? Действия оператора?,4.8,2.0,2.8,0
121,"В КЦ обращается заявитель с претензией, он не согласен со стоимостью договора ТП и хочет получить услугу по льготной категории 550 руб? Действия оператора?",4.8,2.0,2.8,0
122,"В КЦ обращается потребитель с вопросом\: ""Есть ли необходимость подписания ...",5.0,1.0,4.0,0
123,"В КЦ обращается потребитель с вопросом\: ""Есть ли необходимость подписания ...",4.8,2.0,2.8,0
124,"В КЦ обращается потребитель с вопросом\: ""Есть ли необходимость подписания ...",3.0,1.0,2.0,0
125,"В КЦ обращается потребитель с вопросом\: ""Есть ли необходимость подписания ...",4.8,2.0,2.8,0
126,"В КЦ обращается потребитель с вопросом\: ""Есть ли необходимость подписания актов ТП после фактического подключения к сетям ООО ""Башкирэнерго""?"" Потребитель подключен 01.09.2020 г. ЮЛ 100 кВт по 3 категории надежности.",4.8,2.0,2.8,0
127,"В КЦ обращается потребитель с вопросом\: ""Есть ли необходимость подписания актов ТП?"" Потребитель подключен 01.08.2020 г. ФЛ 20 кВт по 3 категории надежности.",5.0,2.0,3.0,0
128,"В КЦ обращается потребитель с вопросом\: ""Есть ли необходимость подписания актов ТП?"" Потребитель подключен 01.09.2020 г. ЮЛ 180 кВт по 3 категории надежности.",4.4,2.0,2.4000000000000004,0
129,"В КЦ обращается потребитель с вопросом\: ""Есть ли необходимость подписания актов ТП?"" Потребитель подключен 01.10.2020 г. ФЛ 15 кВт по 3 категории надежности.",,1.0,,0
130,"В КЦ обращается собственник СНТ с претензией ""На каком основании произвели отключение электроэнергии на зимний период?"" У собственника участка в СНТ коллективный договор ЭСКБ, оплату производят председателю. Действия оператора КЦ?",4.0,2.0,2.0,0
131,"В КЦ обращается собственник СНТ с претензией ""На каком основании произвели отключение электроэнергии на зимний период?"". Действия оператора.",4.6,2.0,2.5999999999999996,0
132,В КЦ обращается собственник СНТ с просьбой определить каким образом будет ...,4.6,2.0,2.5999999999999996,0
133,"В КЦ обращается собственник СНТ с прямым договором ЭСКБ с претензией ""На ...",4.6,2.0,2.5999999999999996,0
134,"В случае если потребителя необходимо восстановить/переоформить несколько документов, оплата будет за каждый переоформленный документ?",4.6,5.0,-0.40000000000000036,1
135,Включает ли стоимость ТПП 550 р. по льготной категории стоимость ПУ и его установку?,5.0,4.0,1.0,0
136,Включает ли стоимость ТПП 550 рублей по льготной категории стоимость Прибора ...,4.8,2.0,2.8,0
137,Возможно ли ускорить процесс технологического присоединения?,5.0,1.0,4.0,0
138,Возможно ли ускорить процесс технологического присоединения?,4.6,1.0,3.5999999999999996,0
139,Для каких категорий заявителей действует упрощенная схема взаимодействия с ...,4.8,2.0,2.8,0
140,Для каких категорий заявителей действует упрощенная схема взаимодействия с ...,5.0,5.0,0.0,1
141,Для каких категорий заявителей действует упрощенная схема взаимодействия с ...,4.2,4.0,0.20000000000000018,1
142,Для переоформления лицевого счета ЭСКБ требуют от потребителя акты ТП. Как ...,4.6,2.0,2.5999999999999996,0
143,Для чего требуется подтверждение личности?,4.2,4.0,0.20000000000000018,1
144,Для чего требуется подтверждение личности?,5.0,4.0,1.0,0
145,Для чего требуется подтверждение личности?,5.0,5.0,0.0,1
146,"Договор по услуге ""Подготовка Соглашения о перераспределении мощности""",4.8,2.0,2.8,0
147,Дополнительные документы при долевой собственности,4.8,3.0,1.7999999999999998,0
148,Допустимая максимальная мощность подключаемых передвижных энергопринимающих ...,4.0,5.0,-1.0,0
149,"Если заявитель направил заявку и не предоставил документы по льготе, он вправе отказаться от заключения договора и подать заявку с документами подтверждающими льготу?",4.8,4.0,0.7999999999999998,0
150,Если заявитель ФЛ до 15 кВт не согласен с условиями договора ТП в течении какого срока он может направить протокол разногласий?,4.8,2.0,2.8,0
151,Если заявитель ФЛ до 15 кВт не согласен с условиями договора ТП как он может направить протокол разногласий?,4.8,4.0,0.7999999999999998,0
152,Если заявитель ЮЛ до 150 кВт не согласен с условиями договора ТП в течении какого срока он может направить протокол разногласий?,4.8,2.0,2.8,0
153,Если заявитель ЮЛ до 150 кВт не согласен с условиями договора ТП как он может направить протокол разногласий?,4.6,2.0,2.5999999999999996,0
154,Если потребитель подает заявку на изменение категории надежности - как будет рассчитана стоимость?,3.8,1.0,2.8,0
155,Если потребитель подает заявку на изменение точки присоединения - как будет рассчитана стоимость?,5.0,4.0,1.0,0
156,Если потребитель подает заявку на увеличение мощности до 15 кВт - как будет рассчитана стоимость?,4.8,2.0,2.8,0
157,Если потребитель подает заявку на увеличение мощности с изменением номинала напряжения - как будет рассчитана стоимость?,4.6,2.0,2.5999999999999996,0
158,"Если потребитель подает заявку на увеличение мощности свыше 15 кВт, без изменения схемы подключения - как будет рассчитана стоимость?",4.8,2.0,2.8,0
159,"Если потребитель подает заявку на увеличение мощности свыше 15 кВт, с изменением схемы подключения (изменение категории, номинала напряжения, точки подключения) - как будет рассчитана стоимость?",4.8,2.0,2.8,0
160,Есть ли возможность активную заявку на ТП аннулировать через ЛК?,5.0,4.0,1.0,0
161,Есть ли возможность после изменений от 20.10.2021 подавать заявку на ТП от ...,4.0,1.0,3.0,0
162,Есть ли возможность продлить срок действия договора ТП? Потребитель не успевает выполнить ТУ?,4.8,5.0,-0.20000000000000018,1
163,Есть ли возможность продлить срок действия ТУ? Потребитель приостановил ...,4.8,4.0,0.7999999999999998,0
164,"Есть ли возможность продлить срок действия ТУ? Потребитель приостановил процедуру ТПП на 2 года, теперь планирует подключатся, но срок действия ТУ истек.",4.6,4.0,0.5999999999999996,0
165,Есть ли возможность расторгнуть договор ТП через ЛК?,4.8,2.0,2.8,0
166,Есть ли необходимость подписывать дополнительное соглашение о продлении срока ТУ?,4.8,2.0,2.8,0
167,Есть ли необходимость подписывать дополнительное соглашение о продлении срока...,5.0,2.0,3.0,0
168,Заявитель обращается в КЦ с вопросом разьяснений ТУ. Просит ...,4.8,2.0,2.8,0
169,Заявитель обращается в КЦ с вопросом разьяснения ТУ. Просит ...,4.4,2.0,2.4000000000000004,0
170,"Заявитель обращается в КЦ с вопросом, почему ему отказали в заявке на ...",4.8,2.0,2.8,0
171,"Заявитель обращается в КЦ с проблемой в ЛК. Он не может подать заявку на ТП, ...",5.0,2.0,3.0,0
172,Заявитель обращается в КЦ с проблемой в работе ЛК. Он не может подать заявку ...,5.0,2.0,3.0,0
173,Заявитель обращается в КЦ с проблемой в работе с ЛК. Он не может подать ...,5.0,1.0,4.0,0
174,Заявитель обращается в КЦ с просьбой проконсультировать по выданным ТУ\: ...,4.2,2.0,2.2,0
175,Заявитель оплатил счет на оплату за ТПП по заявке 2 дня назад интересуется ...,4.8,4.0,0.7999999999999998,0
176,"Заявитель оплатил счет на оплату за ТПП по заявке, ошибочно указав другой ...",4.2,1.0,3.2,0
177,"Заявитель подавал заявку очно в ЦОК, пришло СМС сообщение, что документы ...",4.8,2.0,2.8,0
178,"Заявитель подавал заявку очно в ЦОК, пришло СМС сообщение, что документы размещены в ЛК, но у потребителя нет логин и пароля. Действия оператора КЦ?",4.6,2.0,2.5999999999999996,0
179,"Заявитель подал заявку на ТПП очно в ЦОК, пришло СМС сообщение, что документы...",4.8,1.0,3.8,0
180,Заявка от СНТ,4.8,2.0,2.8,0
181,"Имеет ли право ФЛ на рассрочку, в случае подачи заявки на ТПП до 15 кВт ?",4.8,4.0,0.7999999999999998,0
182,Как заявитель ФЛ до 15 кВт должен поставить СО в известность что будет рассрочка платежа?,4.2,4.0,0.20000000000000018,1
183,"Как рассчитывается стоимость для ИП до 150 кВт по 3 категории надежности, по уровню напряжения 0,4 кВ, с учетом расстояния границы участка до объектов эл. сетевого хозяйства на уровне 0,4 кВ до 200 метров в городской местности и до 300 м в сельской местно",5.0,4.0,1.0,0
184,"Как рассчитывается стоимость для ФЛ до 15 кВт по 3 категории надежности, по уровню напряжения 0,4 кВ, с учетом расстояния границы участка до объектов эл. сетевого хозяйства на уровне 0,4 кВ до 300 метров в городской местности и до 500 м в сельской местнос",4.8,4.0,0.7999999999999998,0
185,"Как рассчитывается стоимость для ФЛ до 15 кВт по 3 категории надежности, по уровню напряжения 0,4 кВ, с учетом расстояния границы участка до объектов эл. сетевого хозяйства на уровне 0,4 кВ до 300 метров в городской местности и до 500 м в сельской местнос",4.6,1.0,3.5999999999999996,0
186,"Как рассчитывается стоимость для ФЛ до 15 кВт по 3 категории надежности, по уровню напряжения 0,4 кВ, с учетом расстояния границы участка до объектов эл. сетевого хозяйства на уровне 0,4 кВ до 300 метров в городской местности и до 500 м в сельской местнос",4.4,2.0,2.4000000000000004,0
187,"Как рассчитывается стоимость для ФЛ до 15 кВт по 3 категории надежности, по уровню напряжения 0,4 кВ, с учетом расстояния границы участка до объектов эл. сетевого хозяйства на уровне 0,4 кВ до 300 метров в городской местности и до 500 м в сельской местнос",5.0,2.0,3.0,0
188,"Как рассчитывается стоимость для ЮЛ до 150 кВт по 3 категории надежности, по уровню напряжения 0,4 кВ, с учетом расстояния границы участка до объектов эл. сетевого хозяйства на уровне 0,4 кВ до 200 метров в городской местности и до 300 м в сельской местно",4.8,2.0,2.8,0
189,Как часто происходит пересмотр тарифов и ставок по Республике Башкортостан на услуги Технологического присоединения?,4.0,1.0,3.0,0
190,Какая организация утверждает тарифы и ставки по Республике Башкортостан на услуги Технологического присоединения?,4.8,5.0,-0.20000000000000018,1
191,Какая стоимость технологического присоединения будет для заявителя с ...,4.8,2.0,2.8,0
192,Какая стоимость технологического присоединения будет для заявителя с ...,5.0,1.0,4.0,0
193,Какая стоимость технологического присоединения будет для заявителя с ...,4.4,2.0,2.4000000000000004,0
194,Какие дополнительные документы от СНТ требуются при подаче заявки на ТПП ...,4.4,2.0,2.4000000000000004,0
195,Какие дополнительные документы требуются для подачи заявки в случае долевой ...,4.8,4.0,0.7999999999999998,0
196,Какие дополнительные документы требуются для подачи заявки в случае долевой ...,4.8,4.0,0.7999999999999998,0
197,Какие дополнительные документы требуются для подачи заявки на ТПП в случае ...,4.8,2.0,2.8,0
198,Какие санкции будут применены к заявителю в случае расторжения им договора ТП до фактического подключения объекта к СО?,4.4,4.0,0.40000000000000036,1
199,Какие санкции будут применены к заявителю в случае расторжения им договора ТП...,4.6,4.0,0.5999999999999996,0
200,Какием образом потребитель может подать недостающие к заявке документы в ЛК?,5.0,5.0,0.0,1
201,Каким нормативным документом утверждаются стандартизированные ставки для расчета стоимости за ТПП?,4.8,4.0,0.7999999999999998,0
202,"Каким образом заявитель может аннулировать заявку на ТПП на этапе когда договор еще не заключен, заявитель некорректно указал номинал напряжения,",4.6,4.0,0.5999999999999996,0
203,Каким образом заявитель может аннулировать заявку на ТПП на этапе подписания ...,4.8,4.0,0.7999999999999998,0
204,"Каким образом заявитель может подписать дополнительное соглашение, при ...",4.8,2.0,2.8,0
205,Каким образом заявитель может подписать дополнительное соглашение?,4.8,2.0,2.8,0
206,"Каким образом может подать заявку на ТП собственник участка, находящегося на ...",4.8,2.0,2.8,0
207,Каким образом осуществляется информирование заявителя о неполном пакете документов?,5.0,2.0,3.0,0
208,Каким образом человек может узнать о возможности технологического ...,5.0,1.0,4.0,0
209,Каким образом человек может узнать о возможности технологического присоединения по его адресу.,4.8,2.0,2.8,0
210,Какой нормативный документ регламентирует процедуру Технологического ...,4.8,5.0,-0.20000000000000018,1
211,Какой нормативный документ регламентирует процедуру Технологического ...,5.0,5.0,0.0,1
212,Какой нормативный документ регламентирует процедуру Технологического присоединения?,4.8,5.0,-0.20000000000000018,1
213,Какой установлен срок восстановления/переоформления Акта ТП в случае ...,5.0,4.0,1.0,0
214,Какой установлен срок восстановления/переоформления акта ТП при наличии ТУ у ...,5.0,4.0,1.0,0
215,Какой установлен срок восстановления/переоформления ТУ при наличии у ...,4.8,4.0,0.7999999999999998,0
216,Какой установлен срок восстановления/переоформления ТУ при отсутствии у ...,4.8,2.0,2.8,0
217,Какой установлен срок проведения проверки выполнения заявителем ТУ для СО? ...,4.4,2.0,2.4000000000000004,0
218,Какой установлен срок проведения проверки выполнения заявителем ТУ для СО? ...,4.8,2.0,2.8,0
219,Кем и каким образом осуществляется подготовка ТУ и определение точки ...,4.6,2.0,2.5999999999999996,0
220,Кем и каким образом осуществляется подготовка ТУ и определение точки подключения по заявке на ТП?,4.6,3.0,1.5999999999999996,0
221,Кем проводится проверка комплектности документов по заявке на ТП направленной...,5.0,1.0,4.0,0
222,Когда и как заявитель может получить документы о ТП на бумажном носителе ...,4.8,4.0,0.7999999999999998,0
223,Когда и как заявитель может получить документы о ТП на бумажном носителе?,4.6,2.0,2.5999999999999996,0
224,Кто заводит заявку в 1С\:УТП при обращении заявителя очно в ЦОК/ПОК,4.8,4.0,0.7999999999999998,0
225,Кто заводит заявку на ТПП в модуль 1С\:Управление Технологическими ...,4.8,1.0,3.8,0
226,Кто и каким образом осуществляет информирование заявителя о неполном пакете ...,5.0,2.0,3.0,0
227,Кто из перечисленных заявителей не попадает под льготную категорию граждан?,4.6,2.0,2.5999999999999996,0
228,Кто из перечисленных заявителей попадает под льготную категорию граждан?,4.8,2.0,2.8,0
229,Кто из сотрудников занимается фактическим подключением заявителя по услуге ТПП?,4.0,2.0,2.0,0
230,Кто из сотрудников занимается фактическим подключением?,4.8,2.0,2.8,0
231,Кто осуществляет подготовку договора ТП и дополнительных соглашений по заявке...,4.6,2.0,2.5999999999999996,0
232,Кто осуществляет подготовку договоров и дополнительных соглашений по заявкам на ТП?,4.8,4.0,0.7999999999999998,0
233,Кто осуществляет расчет стоимости по заявкам на ТП?,4.6,2.0,2.5999999999999996,0
234,Кто осуществляет расчет стоимости ТПП по заявке на ТП?,4.8,2.0,2.8,0
235,Максимальная мощность подключаемых передвижных энергопринимающих устройств при временном ТП,4.4,5.0,-0.5999999999999996,0
236,"Может ли заявитель внести изменения в договор ТП, если он не согласен с ...",4.8,4.0,0.7999999999999998,0
237,"Может ли заявитель внести изменения в ТУ, если в заявке на ТП он указал ...",5.0,4.0,1.0,0
238,"Может ли заявитель внести изменения в ТУ, если при заполнении заявки он ...",4.2,4.0,0.20000000000000018,1
239,Может ли оператор КЦ расчитать и озучить точную стоимость ТП заявителю при ...,5.0,2.0,3.0,0
240,"Может ли потребитель внести изменения в договор, если он не согласен с условиями типового договора?",4.4,4.0,0.40000000000000036,1
241,"Может ли потребитель внести изменения в ТУ, если в заявке он указал неверное напряжение?",4.8,5.0,-0.20000000000000018,1
242,"Может ли потребитель внести изменения в ТУ, если в заявке он указал неверную мощность?",5.0,5.0,0.0,1
243,Может ли потребитель подать заявку на изменение номинала напряжения?,4.8,2.0,2.8,0
244,Может ли потребитель самостоятельно приобрести ПУ в рамках осуществления ТПП?,4.2,2.0,2.2,0
245,Может ли собственник участка в СНТ подать заявку на ТП самостоятельно?,4.2,4.0,0.20000000000000018,1
246,Может ли собственник участка СНТ подать заявку на увеличение мощности?,4.8,3.0,1.7999999999999998,0
247,"Можно ли подать заявку на ТП с личного кабинета, зарегистрированного на ...",4.8,2.0,2.8,0
248,"Можно ли подать заявку на ТП с личного кабинета, зарегистрированного на другого другого человека?",5.0,5.0,0.0,1
249,На каком этапе и кем проводится проверка комплектности документов по заявке на ТП направленной через ЛК?,4.8,1.0,3.8,0
250,Определение стоимости ТП,4.8,1.0,3.8,0
251,Определение схемы взаимодействия заявителя с СО при ТП,4.8,1.0,3.8,0
252,Опреленение схемы взаимодействия заявителя и СО при ТПП,4.2,1.0,3.2,0
253,По какой категории надежности производится временное ТП?,4.8,5.0,-0.20000000000000018,1
254,По какой категории надежности производится временное ТП?,4.6,5.0,-0.40000000000000036,1
255,Подтверждение личности в ЛК,5.0,4.0,1.0,0
256,Потребитель оплатил счет 2 дня назад за подключение и интересуется почему не изменился статус в ЛК?,5.0,4.0,1.0,0
257,"Потребитель оплатил счет указав другой номер заявки ТП, оплата не садится уже 10 рабочих дней.",5.0,2.0,3.0,0
258,Потребителю Иванову А.А. необходимо восстановить акт ТП и получить дубликат ...,4.8,2.0,2.8,0
259,Потребителю Иванову А.А. необходимо переоформить акт ТП. Какие ОБЯЗАТЕЛЬНЫЕ ...,5.0,4.0,1.0,0
260,Проблема при подаче заявки через ЛК,4.8,2.0,2.8,0
261,Проблема с доступом в ЛК,5.0,2.0,3.0,0
262,Проведение проверки ТУ,5.0,2.0,3.0,0
263,Проверка выполнения ТУ,5.0,2.0,3.0,0
264,Проверка выполнения ТУ,4.8,2.0,2.8,0
265,Разъяснение ТУ,4.8,1.0,3.8,0
266,Рассчет стоимости ТПП,4.6,1.0,3.5999999999999996,0
267,Рассчитать ориентировочную стоимость ТПП для ФЛ с заявленной мощностью 15 ...,4.8,2.0,2.8,0
268,Рассчитать ориентировочную стоимость ТПП для ЮЛ с заявленной мощностью 150 ...,4.8,2.0,2.8,0
269,Рассчитать стоимость ТПП,4.8,2.0,2.8,0
270,Рассчитать стоимость ТПП,4.4,1.0,3.4000000000000004,0
271,Рассчитать стоимость ТПП,4.8,1.0,3.8,0
272,Рассчитать стоимость ТПП,4.8,2.0,2.8,0
273,"Рассчитать стоимость ТПП для ФЛ с заявленной мощностью 15 кВт, напряжением ...",4.8,2.0,2.8,0
274,"Рассчитать стоимость ТПП для ЮЛ с заявленной мощностью 30 кВт, напряжением ...",4.0,2.0,2.0,0
275,"Рассчитать стоимость ТПП для ЮЛ с заявленной мощностью 50 кВт, напряжением ...",4.8,2.0,2.8,0
276,С какой даты будет заключен договор при рассрочке платежа 15/30/35/20 с ФЛ?,4.8,5.0,-0.20000000000000018,1
277,С какой даты рассчитывается 3 года для рассмотрения льготы на ТПП для ...,5.0,2.0,3.0,0
278,Сколько существует вариантов подачи заявки?,4.8,5.0,-0.20000000000000018,1
279,Сколько существует вариантов подачи заявки?,4.8,5.0,-0.20000000000000018,1
280,Согласие на обработку персональных данных,4.4,2.0,2.4000000000000004,0
281,Срок восстановления переоформления Акта ТП при отсутствии документов подтверждающих факт технологического присоединения со дня поступления заявления от потребителя,4.8,4.0,0.7999999999999998,0
282,Срок восстановления переоформления ТУ при наличии акта РБП или акта ТП со дня поступления заявления от потребителя,4.6,4.0,0.5999999999999996,0
283,Срок восстановления переоформления ТУ при отсутствии документов подтверждающих факт технологического присоединения со дня поступления заявления от потребителя,4.8,2.0,2.8,0
284,Срок восстановления/переоформления акта ТП при наличии ТУ у заявителя либо у Сетевой организации со дня поступления заявления от потребителя,4.8,4.0,0.7999999999999998,0
285,Срок направления заявителю уведомления о неполном пакете документов.,4.8,5.0,-0.20000000000000018,1
286,Срок повторной проверки выполнения заявителем ТУ,4.6,2.0,2.5999999999999996,0
287,Срок подготовки дубликатов  либо восстановленных (переоформленных) документов о ТП в случае осуществления ТП энергопринимающего устройства заявителя после 1 января 2010 г.,4.8,4.0,0.7999999999999998,0
288,Срок рассмотрения заявки на временное ТП,5.0,2.0,3.0,0
289,Срок рассмотрения заявки на ТП,4.8,4.0,0.7999999999999998,0
290,Срок рассмотрения заявки на ТП,5.0,2.0,3.0,0
291,Срок рассмотрения заявки на ТП для ФЛ с заявленной мощностью 8 кВт.,4.8,5.0,-0.20000000000000018,1
292,Срок рассмотрения заявки на ТП для ЮЛ с заявленной мощностью 180 кВт.,4.8,5.0,-0.20000000000000018,1
293,Срок рассмотрения сетевой огранизацией заявки на временное ТП?,4.8,2.0,2.8,0
294,Срок рассмотрения сетевой организацией заявки на ТП для ФЛ с заявленной ...,4.8,4.0,0.7999999999999998,0
295,Срок рассмотрения сетевой организацией заявки на ТП для ЮЛ с заявленной ...,4.8,4.0,0.7999999999999998,0
296,Срок фактического подключения по временного договору  ТП,5.0,4.0,1.0,0
297,Стоимость договора на восстановление/переоформление документов ТП?,4.8,4.0,0.7999999999999998,0
298,Стоимость оказания услуги восстановления/переоформления документов ТП?,5.0,4.0,1.0,0
299,Стоимость прибора учета входит в расчет стоимости за ТПП?,4.8,2.0,2.8,0
300,Существует ли рассрочка платежа для ФЛ до 15 кВт?,4.6,2.0,2.5999999999999996,0
301,Требуется ли подписание и возврат акта технологического присоединения в СО ...,4.8,2.0,2.8,0
302,Требуется ли подписание и возврат акта технологического присоединения в СО ...,4.8,4.0,0.7999999999999998,0
303,Требуется ли подписание и возврат акта технологического присоединения в СО ...,5.0,2.0,3.0,0
304,Требуется ли проведение проверки выполнения ТУ заявителем (ФЛ до 15кВт по 3 ...,5.0,4.0,1.0,0
305,Чьими силами и за чей счет выполняются мероприятия по строительству новых ...,5.0,3.0,2.0,0
306,"Чьими силами и за чей счет выполняются мероприятия по строительству новых объектов электросетвого хозяйства, необходимых для подключения объектов заявителя при временной схеме ТПП?",4.8,2.0,2.8,0
307,ЭСКБ для переоформления л/с требуют от потребителя акты ТП. Как восстановить акты ТП?,4.8,4.0,0.7999999999999998,0
308,"У собственника было произведено подключение в другой Сетевой
компании, подключен в июле 2023г. Если он будет обращаться в компанию ООО
""Башкирэнерго"" для подключения э/э , будет ли на него
распространяться льготное подключение (один раз в три года), если остальные
параметры льготного подключения соблюдаются?",4.8,2.0,2.8,0
309,"Может ли ФЛ, у которого есть действующий договор на ТП, не ожидая
срока 6 месяцев, подать заявку на временное ТП?",4.6,4.0,0.5999999999999996,0
310,"Может ли ФЛ подать заявку на выдачу дубликата ТУ на свой участок для заключения договора с ЭСКБ, если ТП в СНТ на балансе Башкирэнерго, а линии от ТП до дома - баланс председателя СНТ?",4.0,1.0,3.0,0
311,"1. Наряду с удостоверением, подтверждающим статус многодетной семьи в Российской Федерации, единый образец которого утвержден распоряжением Правительства Российской Федерации от 29 июня 2024 г. №1725-р, подтверждение статуса многодетной семьи в Российской Федерации по месту требования может осуществляться посредством электронного удостоверения многодетной семьи в соответствии с Порядком, утвержденным Приказом  Минтруда России от 27.09.2024 № 513.
Подтверждением статуса многодетной семьи в Российской Федерации по месту требования считается визуализация сведений, подтверждающих отнесение гражданина и (или) членов его семьи к составу многодетной семьи:
1)  в мобильном приложении «Госуслуги» после считывания лицом, осуществляющим проверку, двухмерного штрихового кода (QR-кода) с использованием указанного мобильного приложения;
2) с применением программного обеспечения, интегрированного с Единой системой идентификации и аутентификации, после считывания лицом, осуществляющим проверку, двухмерного штрихового кода (QR-кода) с использованием специальных технических устройств.
Если у многодетной семьи уже имеется удостоверение многодетной семьи по ранее утвержденной форме, то его срок действия не прекращается до замены на новый бланк удостоверения. Таким образом, ранее выданные удостоверения (старого образца), действующие на момент подачи заявки, подлежат приему в качестве документа для предоставления льготы по технологическому присоединению. При обращении многодетной семьи с заявкой на технологическое присоединение в случае достижения старшего ребенка, указанного в удостоверении многодетной семьи, возраста от 18 до 23 лет, следует дополнительно запрашивать справку образовательной организации, подтверждающей обучение старшего ребенка по очной форме. В случае непредставления указанной справки с учебного заведения или достижения старшим ребенком, указанного в удостоверении, возраста более 23 лет, льгота не предоставляется.

2. Территориальные отделения Республиканского центра социальной поддержки населения начали выдавать справки для малоимущих семей с указанием целевого назначения – для осуществления технологического присоединения (пример образца прилагается).",3.0,1.0,2.0,0
